original_response,predicted_response,similarity
"
<BehaviorTree>
<Selector>
<Sequence>
<Action>check_the_time</Action>
<Sequence>
<Condition>is_monday</Condition>
<Sequence>
<Action>read_email</Action>
<Action>reply_email</Action>
</Sequence>
</Sequence>
<Action>send_reminder</Action>
</Sequence>
</Selector>
</BehaviorTree>","<BehaviorTree>
<Selector>
<Sequence>
<Action>check_to_task</Action>
<Condition>is_Monday</Condition>
<Sequence>
<Action>read_email</Action>
<Action>send_message</Action>
</Sequence>
</Sequence>
<Action>send_reminder</Action>
</Selector>
</BehaviorTree>",0.8333333333333334
"
<BehaviorTree>
<Selector>
<Sequence>
<Action>detect_signs</Action>
<Action>process_signs</Action>
<Condition>is_target_reached</Condition>
<Action>move_forward</Action>
</Sequence>
<Sequence>
<Condition>is_obstacle_detected</Condition>
<Action>twist</Action>
<Action>move_forward</Action>
</Sequence>
</Selector>
</BehaviorTree>","<BehaviorTree>
<Selector>
<Sequence>
<Action>detect_signs</Action>
<Action>process_signs</Action>
<Selector>
<Sequence>
<Condition>is_obstacle_detected</Condition>
<Action>twist</Action>
</Sequence>
<Action>move_forward</Action>
</Selector>
</Sequence>
</Selector>
</BehaviorTree>",0.8059701492537312
"
<BehaviorTree>
<Selector>
<Sequence>
<Condition>is_agent_in_nest</Condition>
<Sequence>
<Condition>is_target_detected</Condition>
<Action>form_star</Action>
<Action>change_color_to_green</Action>
<Action>continue_movement_agent</Action>
</Sequence>
</Sequence>
<Sequence>
<Condition>is_obstacle_detected</Condition>
<Sequence>
<Action>avoid_obstacle</Action>
<Action>change_color_to_white</Action>
<Action>continue_movement_agent</Action>
</Sequence>
</Sequence>
<Action>wander</Action>
</Selector>
</BehaviorTree>","<BehaviorTree>
<Selector>
<Sequence>
<Action>form_star</Action>
<Action>change_color_to_green</Action>
<Condition>is_target_detected</Condition>
<Action>move_towards_target</Action>
</Sequence>
<Action>wander</Action>
</Selector>
</BehaviorTree>",0.5555555555555555
"
<BehaviorTree>
<Sequence>
<Selector>
<Sequence>
<Condition>is_at_resource</Condition>
<Action>collect_resource</Action>
</Sequence>
<Action>move_to_checkpoint</Action>
</Selector>
<Selector>
<Sequence>
<Condition>is_check_point_reached</Condition>
<Action>return_to_start</Action>
</Sequence>
<Action>move_to_checkpoint</Action>
</Selector>
</Sequence>
</BehaviorTree>","<BehaviorTree>
<Sequence>
<Selector>
<Sequence>
<Condition>is_at_resource</Condition>
<Action>collect_resource</Action>
<Action>move_to_checkpoint</Action>
<Condition>is_check_point_reached</Condition>
</Sequence>
<Action>move_to_checkpoint</Action>
</Selector>
<Sequence>
<Condition>is_agent_lost</Condition>
<Action>return_to_start</Action>
</Sequence>
</Sequence>
</BehaviorTree>",0.7586206896551724
"
<BehaviorTree>
<Selector>
<Sequence>
<Condition>is_obstacle_detected</Condition>
<Action>change_speed</Action>
</Sequence>
<Sequence>
<Condition>is_speed_changed</Condition>
<Action>move_away_from_obstacle</Action>
</Sequence>
<Sequence>
<Condition>is_target_reached</Condition>
<Action>rotate_left</Action>
<Action>rotate_right</Action>
<Action>guard_area</Action>
</Sequence>
</Selector>
</BehaviorTree>","<BehaviorTree>
<Selector>
<Sequence>
<Condition>is_obstacle_detected</Condition>
<Sequence>
<Action>rotate_left</Action>
<Action>move_away_from_obstacle</Action>
<Action>rotate_right</Action>
</Sequence>
</Sequence>
<Sequence>
<Condition>is_speed_changed</Condition>
<Action>change_speed</Action>
</Sequence>
</Selector>
<Action>guard_area</Action>
</BehaviorTree>",0.6292134831460674
"
<BehaviorTree>
<Sequence>
<Action>wander</Action>
<Condition>is_target_detected</Condition>
<Action>continue_movement_agent</Action>
<Condition>is_target_reached</Condition>
<Action>task_completed</Action>
</Sequence>
</BehaviorTree>","<BehaviorTree>
<Selector>
<Sequence>
<Condition>is_target_detected</Condition>
<Action>continue_movement_agent</Action>
<Sequence>
<Condition>is_target_reached</Condition>
<Action>task_completed</Action>
</Sequence>
</Sequence>
<Action>wander</Action>
</Selector>
</BehaviorTree>",0.8214285714285715
"
<BehaviorTree>
<Sequence>
<Selector>
<Condition>check_battery_level</Condition>
<Sequence>
<Condition>agent_is_on_path</Condition>
<Action>start_moving</Action>
</Sequence>
<Sequence>
<Condition>check_distance_to_destination</Condition>
<Action>stop_moving</Action>
</Sequence>
<Action>mount_outlet</Action>
<Action>charge_battery</Action>
</Selector>
</Sequence>
</BehaviorTree>","<BehaviorTree>
<Selector>
<Sequence>
<Condition>check_battery_level</Condition>
<Action>charge_battery</Action>
</Sequence>
<Sequence>
<Condition>agent_is_on_path</Condition>
<Action>start_moving</Action>
</Sequence>
<Sequence>
<Condition>check_distance_to_destination</Condition>
<Action>stop_moving</Action>
</Sequence>
</Selector>
</BehaviorTree>",0.8048780487804877
"
<BehaviorTree>
<Sequence>
<Selector>
<Condition>is_obstacle_detected</Condition>
<Action>change_formation</Action>
</Selector>
<Sequence>
<Selector>
<Condition>is_formation_changed</Condition>
<Action>form_circle</Action>
</Selector>
<Action>move_to_center</Action>
</Sequence>
<Action>detect_surroundings</Action>
</Sequence>
</BehaviorTree>","<BehaviorTree>
<Selector>
<Sequence>
<Condition>is_center_reached</Condition>
<Action>move_to_center</Action>
</Sequence>
<Sequence>
<Condition>is_formation_changed</Condition>
<Action>change_formation</Action>
</Sequence>
<Sequence>
<Condition>detect_surroundings</Condition>
<Action>avoid_obstacle</Action>
</Sequence>
<Action>form_circle</Action>
</Selector>
</BehaviorTree>",0.5384615384615384
"
<BehaviorTree>
<Selector>
<Sequence>
<Condition>identify_threat</Condition>
<Action>avoid_threat</Action>
</Sequence>
<Sequence>
<Condition>is_leader_moving</Condition>
<Action>follow_leader</Action>
</Sequence>
</Selector>
</BehaviorTree>","<BehaviorTree>
<Selector>
<Sequence>
<Action>follow_leader</Action>
<Action>keep_distance</Action>
</Sequence>
<Selector>
<Sequence>
<Action>move_to_position</Action>
<Action>scan_surroundings</Action>
<Condition>identify_threat</Condition>
<Action>avoid_threat</Action>
</Sequence>
</Selector>
</Selector>
</BehaviorTree>",0.4666666666666667
"
<BehaviorTree>
<Selector>
<Sequence>
<Action>fly_around</Action>
<Selector>
<Condition>is_obstacle_detected</Condition>
<Action>fly_around</Action>
</Selector>
<Selector>
<Condition>is_red_light_detected</Condition>
<Action>stop_movement</Action>
<Action>get_closer</Action>
</Selector>
</Sequence>
</Selector>
</BehaviorTree>","<BehaviorTree>
<Selector>
<Sequence>
<Action>fly_around</Action>
<Condition>is_obstacle_detected</Condition>
<Action>stop_movement</Action>
</Sequence>
<Sequence>
<Condition>is_red_light_detected</Condition>
<Action>get_closer</Action>
</Sequence>
</Selector>
</BehaviorTree>",0.7941176470588235
"
<BehaviorTree>
<Selector>
<Sequence>
<Condition>is_safe_to_proceed</Condition>
<Selector>
<Condition>locate_exit</Condition>
<Action>move_to_exit</Action>
</Selector>
</Sequence>
<Action>detect_hazard</Action>
<Action>avoid_collision</Action>
</Selector>
</BehaviorTree>","<BehaviorTree>
<Sequence>
<Condition>is_safe_to_proceed</Condition>
<Selector>
<Sequence>
<Action>detect_hazard</Action>
<Selector>
<Action>avoid_collision</Action>
<Action>wait</Action>
</Selector>
</Sequence>
<Selector>
<Condition>is_exit_found</Condition>
<Action>move_towards_exit</Action>
</Selector>
</Selector>
</Sequence>
</BehaviorTree>",0.5714285714285714
"
<BehaviorTree>
<Selector>
<Sequence>
<Condition>is_obstacle_ahead</Condition>
<Selector>
<Action>rotate_right</Action>
<Action>rotate_left</Action>
</Selector>
</Sequence>
<Sequence>
<Action>move_forward</Action>
<Condition>is_target_reached</Condition>
</Sequence>
</Selector>
</BehaviorTree>","<BehaviorTree>
<Selector>
<Sequence>
<Condition>is_obstacle_ahead</Condition>
<Selector>
<Sequence>
<Action>rotate_left</Action>
<Action>move_forward</Action>
</Sequence>
<Sequence>
<Action>rotate_right</Action>
<Action>move_forward</Action>
</Sequence>
</Selector>
</Sequence>
<Sequence>
<Condition>is_target_reached</Condition>
<Action>move_forward</Action>
</Sequence>
</Selector>
</BehaviorTree>",0.7368421052631579
"
<BehaviorTree>
<Selector>
<Sequence>
<Action>observe_surroundings</Action>
</Sequence>
<Sequence>
<Selector>
<Sequence>
<Action>choose_best_path</Action>
<Action>detect_obstacles</Action>
</Sequence>
</Selector>
<Action>move_along_path</Action>
</Sequence>
</Selector>
</BehaviorTree>","<BehaviorTree>
<Sequence>
<Action>observe_surroundings</Action>
<Selector>
<Sequence>
<Action>choose_best_path</Action>
<Condition>detect_obstacles</Condition>
<Action>move_along_path</Action>
</Sequence>
<Action>observe_surroundings</Action>
</Selector>
</Sequence>
</BehaviorTree>",0.7666666666666667
"
<BehaviorTree>
<Sequence>
<Action>follow_leader</Action>
<Selector>
<Sequence>
<Condition>is_leader_nearby</Condition>
<Action>gather_dropped_items</Action>
</Sequence>
<Sequence>
<Condition>is_agent_in_nest</Condition>
<Selector>
<Sequence>
<Condition>is_food_detected</Condition>
<Action>navigate_to_food</Action>
<Action>follow_leader</Action>
</Sequence>
</Selector>
</Sequence>
</Selector>
<Selector>
<Sequence>
<Condition>is_agent_in_nest</Condition>
<Action>explore</Action>
</Sequence>
</Selector>
</Sequence>
</BehaviorTree>","<BehaviorTree>
<Sequence>
<Selector>
<Sequence>
<Action>follow_leader</Action>
<Action>gather_pressed_items</Action>
<Condition>is_leader_nearby</Condition>
</Sequence>
<Sequence>
<Condition>is_food_detected</Condition>
<Action>navigate_to_food</Action>
</Sequence>
<Condition>is_agent_in_nest</Condition>
<Action>agent_movement_freeze</Action>
</Selector>
<Action>explore</Action>
</Sequence>
</BehaviorTree>",0.6605504587155964
"
<BehaviorTree>
<Sequence>
<Selector>
<Sequence>
<Action>pick_up_item</Action>
<Action>check_inventory</Action>
</Sequence>
<Sequence>
<Condition>is_inventory_full</Condition>
<Action>use_item</Action>
</Sequence>
</Selector>
</Sequence>
</BehaviorTree>","<BehaviorTree>
<Sequence>
<Action>pick_up_item</Action>
<Sequence>
<Condition>is_inventory_full</Condition>
<Action>use_item</Action>
</Sequence>
<Action>check_inventory</Action>
</Sequence>
</BehaviorTree>",0.7692307692307692
"
<BehaviorTree>
<Selector>
<Sequence>
<Condition>is_goal_reached</Condition>
<Action>task_completed</Action>
</Sequence>
<Selector>
<Sequence>
<Condition>is_intruder_detected</Condition>
<Action>rotate_left</Action>
<Action>change_color_to_red</Action>
</Sequence>
<Sequence>
<Action>is_obstacle_detected</Action>
<Action>avoid_obstacle</Action>
<Action>move_forward</Action>
</Sequence>
</Selector>
<Action>wander</Action>
</Selector>
</BehaviorTree>","<BehaviorTree>
<Selector>
<Sequence>
<Condition>is_obstacle_detected</Condition>
<Action>avoid_obstacle</Action>
</Sequence>
<Sequence>
<Condition>is_intruder_detected</Condition>
<Action>rotate_left</Action>
<Action>change_color_to_red</Action>
</Sequence>
<Sequence>
<Condition>is_target_detected</Condition>
<Action>move_forward</Action>
</Sequence>
</Selector>
</BehaviorTree>",0.7578947368421053
"
<BehaviorTree>
<Selector>
<Sequence>
<Condition>is_resource_available</Condition>
<Action>gather_resource</Action>
<Selector>
<Sequence>
<Condition>is_agent_near_other_agent</Condition>
<Action>cooperate</Action>
</Sequence>
<Action>avoid_other_robots</Action>
</Selector>
</Sequence>
<Sequence>
<Condition>is_agent_far_from_other_agent</Condition>
<Action>harvest_resource</Action>
</Sequence>
</Selector>
<Sequence>
<Selector>
<Sequence>
<Condition>is_agent_far_from_resource</Condition>
<Action>move_to_resource</Action>
</Sequence>
<Action>move_randomly</Action>
</Selector>
<Action>agent_movement_freeze</Action>
</Sequence>
</BehaviorTree>","<BehaviorTree>
<Selector>
<Sequence>
<Condition>is_resource_available</Condition>
<Action>gather_resource</Action>
</Sequence>
<Sequence>
<Condition>is_agent_near_other_robot</Condition>
<Action>avoid_other_robots</Action>
</Sequence>
<Sequence>
<Condition>is_agent_far_from_other_robot</Condition>
<Action>cooperate</Action>
</Sequence>
</Selector>
<Sequence>
<Condition>is_path_clear</Condition>
<Action>move_forward</Action>
</Sequence>
<Action>task_completed</Action>
</BehaviorTree>",0.7272727272727272
"
<BehaviorTree>
<Selector>
<Sequence>
<Action>collect_data</Action>
<Selector>
<Action>process_data</Action>
<Selector>
<Sequence>
<Condition>is_data_available</Condition>
<Action>upload_data</Action>
<Action>is_data_processed</Action>
</Sequence>
</Selector>
</Selector>
</Sequence>
</Selector>
</BehaviorTree>","<BehaviorTree>
<Sequence>
<Action>collect_data</Action>
<Condition>is_data_available</Condition>
<Sequence>
<Action>process_data</Action>
<Condition>is_data_processed</Condition>
<Action>upload_data</Action>
</Sequence>
</Sequence>
</BehaviorTree>",0.6774193548387097
"
<BehaviorTree>
<Selector>
<Sequence>
<Condition>is_obstacle_detected</Condition>
<Action>avoid_obstacle</Action>
<Action>wander</Action>
</Sequence>
<Sequence>
<Condition>is_agent_detected</Condition>
<Action>avoid_agent</Action>
<Action>wander</Action>
</Sequence>
<Sequence>
<Condition>is_agent_in_nest</Condition>
<Action>task_completed</Action>
</Sequence>
</Selector>
</BehaviorTree>","<BehaviorTree>
<Selector>
<Sequence>
<Condition>is_obstacle_detected</Condition>
<Action>avoid_obstacle</Action>
</Sequence>
<Sequence>
<Condition>is_agent_detected</Condition>
<Action>avoid_agent</Action>
</Sequence>
<Sequence>
<Condition>is_agent_in_nest</Condition>
<Action>continue_movement_agent</Action>
</Sequence>
</Selector>
</BehaviorTree>",0.8674698795180724
"
<BehaviorTree>
<Selector>
<Sequence>
<Condition>is_target_detected</Condition>
<Sequence>
<Action>move_forward</Action>
<Action>change_color_to_green</Action>
</Sequence>
</Sequence>
<Sequence>
<Condition>is_resource_detected</Condition>
<Sequence>
<Action>navigate_to_resource</Action>
<Action>collect_resource</Action>
<Action>return_to_designated_location</Action>
</Sequence>
</Sequence>
<Action>wander</Action>
</Selector>
</BehaviorTree>","<BehaviorTree>
<Selector>
<Sequence>
<Condition>is_target_detected</Condition>
<Action>collect_resource</Action>
<Action>move_to_deposit</Action>
</Sequence>
<Action>wander</Action>
</Selector>
</BehaviorTree>",0.5753424657534246
"
<BehaviorTree>
<Sequence>
<Selector>
<Sequence>
<Action>gather_food</Action>
<Action>analyze_food</Action>
</Sequence>
<Condition>avoid_predator</Condition>
<Action>flee</Action>
</Selector>
</Sequence>
</BehaviorTree>","<BehaviorTree>
<Selector>
<Sequence>
<Action>gather_food</Action>
<Action>analyze_food</Action>
</Sequence>
<Sequence>
<Condition>avoid_predator</Condition>
<Action>flee</Action>
</Sequence>
</Selector>
</BehaviorTree>",0.9130434782608695
"
<BehaviorTree>
<Sequence>
<Selector>
<Sequence>
<Condition>is_robot_in_range</Condition>
<Action>rotate_in_circle</Action>
<Action>task_completed</Action>
</Sequence>
<Action>wander</Action>
</Selector>
</Sequence>
</BehaviorTree>","<BehaviorTree>
<Selector>
<Sequence>
<Condition>is_distance_to_target_less_than_2_units</Condition>
<Action>move_backward</Action>
<Action>wander</Action>
</Sequence>
<Sequence>
<Condition>is_distance_to_target_less_than_10_units</Condition>
<Action>rotate_left</Action>
<Action>rotate_right</Action>
</Sequence>
<Action>wander</Action>
</Selector>
</BehaviorTree>",0.4722222222222222
"
<BehaviorTree>
<Sequence>
<Action>detect_other_agents</Action>
<Condition>is_lead_target_reached</Condition>
<Selector>
<Sequence>
<Condition>is_following_target_reached</Condition>
<Action>follow</Action>
</Sequence>
<Selector>
<Action>lead</Action>
<Action>wander</Action>
</Selector>
</Selector>
</Sequence>
</BehaviorTree>","<BehaviorTree>
<Selector>
<Sequence>
<Condition>is_collision_detected</Condition>
<Action>detect_other_agents</Action>
</Sequence>
<Sequence>
<Condition>is_following_target_reached</Condition>
<Action>leader_movement_freeze</Action>
</Sequence>
<Sequence>
<Condition>is_lead_target_reached</Condition>
<Action>follow</Action>
</Sequence>
</Selector>
</BehaviorTree>",0.631578947368421
"
<BehaviorTree>
<Sequence>
<Selector>
<Sequence>
<Action>scan_surroundings</Action>
<Selector>
<Sequence>
<Condition>is_threat_detected</Condition>
<Action>take_cover</Action>
</Sequence>
<Action>wait</Action>
</Selector>
</Sequence>
<Sequence>
<Action>analyze_data</Action>
<Selector>
<Sequence>
<Condition>is_anomaly_reported</Condition>
<Action>report_anomaly</Action>
</Sequence>
<Action>wait</Action>
</Selector>
</Sequence>
</Selector>
</Sequence>
</BehaviorTree>","<BehaviorTree>
<Selector>
<Sequence>
<Action>scan_surroundings</Action>
<Action>analyze_data</Action>
<Selector>
<Sequence>
<Condition>is_threat_detected</Condition>
<Action>take_cover</Action>
<Action>report_anomaly</Action>
<Action>wait</Action>
</Sequence>
<Action>wait</Action>
</Selector>
</Sequence>
</Selector>
</BehaviorTree>",0.6896551724137931
"
<BehaviorTree>
<Sequence>
<Selector>
<Sequence>
<Condition>is_items_available</Condition>
<Action>gather_items</Action>
</Sequence>
<Condition>is_deposit_location_reached</Condition>
<Action>deposit_items</Action>
<Sequence>
<Action>navigate_to_destination</Action>
<Condition>is_destination_reached</Condition>
</Sequence>
</Selector>
</Sequence>
</BehaviorTree>","<BehaviorTree>
<Selector>
<Sequence>
<Condition>is_destination_reached</Condition>
<Selector>
<Sequence>
<Condition>is_items_available</Condition>
<Action>gather_items</Action>
</Sequence>
<Sequence>
<Condition>is_deposit_location_reached</Condition>
<Action>deposit_items</Action>
</Sequence>
</Selector>
</Sequence>
<Action>navigate_to_destination</Action>
</Selector>
</BehaviorTree>",0.8
"
<BehaviorTree>
<Selector>
<Sequence>
<Condition>is_at_beacon</Condition>
<Action>change_color</Action>
</Sequence>
<Sequence>
<Condition>is_different_color</Condition>
<Action>move_one_step_forward</Action>
</Sequence>
</Selector>
</BehaviorTree>","<BehaviorTree>
<Sequence>
<Condition>is_at_beacon</Condition>
<Selector>
<Sequence>
<Action>move_one_step_forward</Action>
<Condition>is_different_color</Condition>
<Action>change_color</Action>
</Sequence>
<Action>move_one_step_forward</Action>
</Selector>
</Sequence>
</BehaviorTree>",0.7096774193548386
"
<BehaviorTree>
<Sequence>
<Selector>
<Sequence>
<Condition>is_area_explored</Condition>
<Action>agent_movement_freeze</Action>
<Action>task_completed</Action>
</Sequence>
<Action>explore</Action>
</Selector>
</Sequence>
</BehaviorTree>","<BehaviorTree>
<Sequence>
<Selector>
<Condition>is_area_explored</Condition>
<Action>task_completed</Action>
</Selector>
<Action>explore</Action>
</Sequence>
</BehaviorTree>",0.7906976744186047
"
<BehaviorTree>
<Selector>
<Sequence>
<Condition>is_obstacle_detected</Condition>
<Action>avoid_obstacle</Action>
</Sequence>
<Sequence>
<Condition>is_path_clear</Condition>
<Action>change_color_to_white</Action>
<Action>continue_movement_agent</Action>
<Condition>is_target_reached</Condition>
</Sequence>
</Selector>
</BehaviorTree>","<BehaviorTree>
<Sequence>
<Selector>
<Sequence>
<Condition>is_obstacle_detected</Condition>
<Action>avoid_obstacle</Action>
<Action>continue_movement_agent</Action>
</Sequence>
<Sequence>
<Condition>is_path_clear</Condition>
<Action>change_color_to_white</Action>
<Action>task_completed</Action>
</Sequence>
</Selector>
</Sequence>
</BehaviorTree>",0.7792207792207793
"
<BehaviorTree>
<Selector>
<Sequence>
<Condition>is_hungry</Condition>
<Sequence>
<Action>find_food</Action>
<Action>eat_food</Action>
</Sequence>
</Sequence>
<Action>move_towards_target</Action>
</Selector>
</BehaviorTree>","<BehaviorTree>
<Selector>
<Sequence>
<Condition>is_hungry</Condition>
<Action>find_food</Action>
<Condition>is_food_found</Condition>
<Action>eat_food</Action>
</Sequence>
<Sequence>
<Condition>is_target_reached</Condition>
<Action>move_towards_target</Action>
</Sequence>
<Action>avoid_obstacle</Action>
<Action>continue_movement_agent</Action>
</Selector>
</BehaviorTree>",0.6956521739130435
"
<BehaviorTree>
<Selector>
<Sequence>
<Action>calculate_distance</Action>
<Condition>is_target_in_sight</Condition>
</Sequence>
<Action>move_to_target_center</Action>
<Selector>
<Sequence>
<Condition>is_movement_complete</Condition>
<Action>is_movement_complete</Action>
</Sequence>
</Selector>
</Selector>
</BehaviorTree>","<BehaviorTree>
<Sequence>
<Action>calculate_distance</Action>
<Action>move_to_target_center</Action>
</Sequence>
<Condition>is_target_in_sight</Condition>
</BehaviorTree>",0.6071428571428571
"
<BehaviorTree>
<Sequence>
<Action>find_target</Action>
<Condition>is_target_in_range</Condition>
<Action>shoot_target</Action>
</Sequence>
</BehaviorTree>","<BehaviorTree>
<Sequence>
<Action>find_target</Action>
<Condition>is_target_in_range</Condition>
<Action>shoot_target</Action>
</Sequence>
</BehaviorTree>",1.0
"
<BehaviorTree>
<Selector>
<Sequence>
<Action>find_water_source</Action>
<Condition>is_agent_near_water_source</Condition>
<Action>get_water</Action>
</Sequence>
<Action>navigate_to_water_source</Action>
<Condition>is_water_available</Condition>
<Action>get_water</Action>
</Selector>
</BehaviorTree>","<BehaviorTree>
<Sequence>
<Selector>
<Sequence>
<Condition>is_water_available</Condition>
<Sequence>
<Condition>is_water_refilled</Condition>
<Action>find_water_source</Action>
</Sequence>
</Sequence>
<Sequence>
<Condition>is_agent_near_water_source</Condition>
<Action>get_water</Action>
</Sequence>
</Selector>
</Sequence>
</BehaviorTree>",0.5866666666666667
"
<BehaviorTree>
<Sequence>
<Selector>
<Sequence>
<Condition>is_obstacle_detected</Condition>
<Action>send_message_to_robots</Action>
</Sequence>
<Action>wander</Action>
</Selector>
<Sequence>
<Condition>is_target_detected</Condition>
<Action>move_towards_target</Action>
<Condition>is_target_reached</Condition>
<Action>task_completed</Action>
</Sequence>
</Sequence>
</BehaviorTree>","<BehaviorTree>
<Selector>
<Sequence>
<Condition>is_obstacle_detected</Condition>
<Action>send_message</Action>
</Sequence>
<Sequence>
<Condition>is_target_detected</Condition>
<Action>move_towards_target</Action>
<Action>task_completed</Action>
</Sequence>
<Action>wander</Action>
</Selector>
</BehaviorTree>",0.7792207792207793
"
<BehaviorTree>
<Sequence>
<Condition>is_leader_moving</Condition>
<Selector>
<Sequence>
<Condition>is_obstacle_detected</Condition>
<Action>communicate_avoidance</Action>
</Sequence>
<Action>follow_leader</Action>
</Selector>
</Sequence>
<Condition>is_leader_at_destination</Condition>
<Action>wait_for_signal</Action>
</BehaviorTree>","<BehaviorTree>
<Sequence>
<Condition>is_leader_moving</Condition>
<Action>follow_leader</Action>
</Sequence>
<Selector>
<Sequence>
<Condition>is_leader_at_destination</Condition>
<Action>wait_for_signal</Action>
</Sequence>
<Action>avoid_collisions</Action>
</Selector>
</BehaviorTree>",0.7246376811594203
"
<BehaviorTree>
<Sequence>
<Condition>analyze_environment</Condition>
<Action>avoid_obstacles</Action>
<Action>reposition</Action>
</Sequence>
</BehaviorTree>","<BehaviorTree>
<Sequence>
<Condition>analyze_environment</Condition>
<Action>reposition</Action>
</Sequence>
<Action>avoid_obstacles</Action>
</BehaviorTree>",0.7333333333333333
"
<BehaviorTree>
<Sequence>
<Condition>detect_friend</Condition>
<Action>follow_friend</Action>
</Sequence>
<Sequence>
<Condition>detect_enemy</Condition>
<Action>move_away_from_enemy</Action>
</Sequence>
</BehaviorTree>","<BehaviorTree>
<Selector>
<Sequence>
<Condition>detect_friend</Condition>
<Action>follow_friend</Action>
</Sequence>
<Sequence>
<Condition>detect_enemy</Condition>
<Action>move_away_from_enemy</Action>
</Sequence>
</Selector>
</BehaviorTree>",0.9600000000000001
"
<BehaviorTree>
<Sequence>
<Selector>
<Sequence>
<Condition>is_target_detected</Condition>
<Action>change_color_to_green</Action>
<Action>agent_movement_freeze</Action>
<Action>task_completed</Action>
</Sequence>
<Action>wander</Action>
</Selector>
</Sequence>
</BehaviorTree>","<BehaviorTree>
<Sequence>
<Condition>is_target_detected</Condition>
<Action>change_color_to_green</Action>
</Sequence>
</BehaviorTree>",0.6521739130434783
"
<BehaviorTree>
<Selector>
<Sequence>
<Condition>is_obstacle_detected</Condition>
<Action>avoid_obstacle</Action>
</Sequence>
<Sequence>
<Condition>is_target_detected</Condition>
<Action>form_line</Action>
<Action>change_color_to_green</Action>
</Sequence>
</Selector>
</BehaviorTree>","<BehaviorTree>
<Sequence>
<Action>avoid_obstacle</Action>
<Selector>
<Sequence>
<Condition>is_line_formed</Condition>
<Action>change_color_to_green</Action>
</Sequence>
<Condition>is_target_detected</Condition>
</Selector>
</Sequence>
</BehaviorTree>",0.6333333333333334
"
<BehaviorTree>
<Sequence>
<Selector>
<Sequence>
<Condition>is_obstacle_detected</Condition>
<Action>avoid_obstacle</Action>
<Action>continue_movement_agent</Action>
</Sequence>
<Action>wander</Action>
</Selector>
<Sequence>
<Action>continue_movement_agent</Action>
</Sequence>
</Sequence>
</BehaviorTree>","<BehaviorTree>
<Sequence>
<Action>continue_movement_agent</Action>
<Condition>is_obstacle_detected</Condition>
<Selector>
<Action>avoid_obstacle</Action>
<Action>continue_movement_agent</Action>
</Selector>
</Sequence>
</BehaviorTree>",0.6666666666666666
"
<BehaviorTree>
<Sequence>
<Selector>
<Sequence>
<Condition>detect_target</Condition>
<Action>approach_target</Action>
</Sequence>
<Action>send_signal</Action>
</Selector>
<Action>rest</Action>
<Action>change_color_to_blue</Action>
<Action>task_completed</Action>
</Sequence>
</BehaviorTree>","<BehaviorTree>
<Sequence>
<Selector>
<Sequence>
<Condition>detect_target</Condition>
<Action>approach_target</Action>
</Sequence>
<Sequence>
<Condition>is_target_in_range</Condition>
<Action>send_signal</Action>
</Sequence>
</Selector>
<Selector>
<Sequence>
<Condition>is_hungry</Condition>
<Action>move_randomly</Action>
<Action>rest</Action>
</Sequence>
<Sequence>
<Condition>is_out_of_energy</Condition>
<Action>change_color_to_blue</Action>
<Action>task_completed</Action>
</Sequence>
</Selector>
</Sequence>
</BehaviorTree>",0.7021276595744682
"
<BehaviorTree>
<Sequence>
<Selector>
<Condition>is_obstacle_detected</Condition>
<Action>avoid_obstacle</Action>
</Selector>
<Selector>
<Condition>is_path_clear</Condition>
<Action>continue_movement_agent</Action>
</Selector>
<Action>task_completed</Action>
</Sequence>
</BehaviorTree>","<BehaviorTree>
<Selector>
<Sequence>
<Condition>is_obstacle_detected</Condition>
<Action>avoid_obstacle</Action>
</Sequence>
<Sequence>
<Condition>is_target_reached</Condition>
<Action>continue_movement_agent</Action>
</Sequence>
</Selector>
<Action>wander</Action>
</BehaviorTree>",0.7540983606557377
"
<BehaviorTree>
<Selector>
<Sequence>
<Condition>detect_enemy</Condition>
<Action>engage_enemy</Action>
</Sequence>
<Sequence>
<Action>defend_base</Action>
<Condition>detect_enemy</Condition>
<Action>retreat</Action>
</Sequence>
</Selector>
</BehaviorTree>","<BehaviorTree>
<Selector>
<Sequence>
<Condition>detect_enemy</Condition>
<Action>engage_enemy</Action>
</Sequence>
<Sequence>
<Condition>outnumbered</Condition>
<Action>retreat</Action>
</Sequence>
<Action>defend_base</Action>
</Selector>
</BehaviorTree>",0.7924528301886792
"
<BehaviorTree>
<Selector>
<Sequence>
<Selector>
<Condition>is_enemy_in_range</Condition>
<Action>launch_missile</Action>
</Selector>
<Action>retreat_to_safety</Action>
</Sequence>
<Sequence>
<Selector>
<Condition>is_missile_launched</Condition>
<Action>retreat_to_safety</Action>
</Selector>
</Sequence>
</Selector>
</BehaviorTree>",,0.0
"
<BehaviorTree>
<Selector>
<Action>search_for_targets</Action>
<Sequence>
<Condition>is_target_found</Condition>
<Action>interrogate_target</Action>
</Sequence>
<Condition>is_information_retrieved</Condition>
</Selector>
</BehaviorTree>","<BehaviorTree>
<Sequence>
<Action>search_for_targets</Action>
<Condition>is_target_found</Condition>
<Selector>
<Sequence>
<Action>interroigate_target</Action>
<Condition>is_information_retrieved</Condition>
</Sequence>
<Action>wait</Action>
</Selector>
</Sequence>
</BehaviorTree>",0.7636363636363636
"
<BehaviorTree>
<Selector>
<Sequence>
<Condition>scan_for_obstacles</Condition>
<Action>avoid_obstacle</Action>
</Sequence>
<Sequence>
<Condition>is_resource_available</Condition>
<Action>collect_resources</Action>
<Action>drop_resources</Action>
</Sequence>
</Selector>
</BehaviorTree>","<BehaviorTree>
<Sequence>
<Action>scan_for_obstacles</Action>
<Selector>
<Sequence>
<Condition>is_resource_available</Condition>
<Action>collect_resources</Action>
</Sequence>
<Action>avoid_obstacle</Action>
</Selector>
<Action>drop_resources</Action>
</Sequence>
</BehaviorTree>",0.7333333333333333
"
<BehaviorTree>
<Selector>
<Condition>is_target_found</Condition>
<Action>move_to_target</Action>
</Selector>
<Sequence>
<Condition>is_target_correct</Condition>
<Action>detect_target</Action>
<Action>identify_target</Action>
</Sequence>
</BehaviorTree>","<BehaviorTree>
<Sequence>
<Condition>is_target_found</Condition>
<Sequence>
<Action>detect_target</Action>
<Sequence>
<Condition>is_target_correct</Condition>
<Action>move_to_target</Action>
</Sequence>
</Sequence>
</Sequence>
</BehaviorTree>",0.7142857142857143
"
<BehaviorTree>
<Selector>
<Sequence>
<Condition>detect_boundary</Condition>
<Sequence>
<Action>backtrack</Action>
</Sequence>
</Sequence>
<Sequence>
<Selector>
<Sequence>
<Action>follow_line</Action>
</Sequence>
<Sequence>
<Action>track_target</Action>
</Sequence>
</Selector>
</Sequence>
<Action>alert_team</Action>
</Selector>
</BehaviorTree>","<BehaviorTree>
<Selector>
<Sequence>
<Condition>detect_boundary</Condition>
<Selector>
<Action>turn_left</Action>
<Action>turn_right</Action>
</Selector>
</Sequence>
<Sequence>
<Condition>detect_target</Condition>
<Action>track_target</Action>
</Sequence>
<Sequence>
<Condition>is_target_lost</Condition>
<Action>alert_team</Action>
</Sequence>
<Action>follow_line</Action>
</Selector>
</BehaviorTree>",0.6250000000000001
"
<BehaviorTree>
<Sequence>
<Action>form_line</Action>
<Selector>
<Sequence>
<Condition>is_line_formed</Condition>
<Action>change_color_to_green</Action>
<Action>continue_movement_agent</Action>
</Sequence>
<Action>wander</Action>
</Selector>
<Action>form_line</Action>
<Action>change_color_to_red</Action>
<Action>task_completed</Action>
</Sequence>
</BehaviorTree>","<BehaviorTree>
<Sequence>
<Selector>
<Sequence>
<Action>form_line</Action>
<Action>change_color_to_green</Action>
<Action>continue_movement_agent</Action>
</Sequence>
<Sequence>
<Action>form_line</Action>
<Action>change_color_to_red</Action>
<Action>task_completed</Action>
</Sequence>
</Selector>
</Sequence>
</BehaviorTree>",0.8095238095238095
"
<BehaviorTree>
<Sequence>
<Condition>is_enemy_in_sight</Condition>
<Selector>
<Action>attack_enemy</Action>
<Sequence>
<Condition>check_for_teammates</Condition>
<Sequence>
<Action>wait_for_signal</Action>
<Action>take_cover</Action>
</Sequence>
</Sequence>
</Selector>
</Sequence>
</BehaviorTree>","<BehaviorTree>
<Sequence>
<Condition>is_enemy_in_sight</Condition>
<Selector>
<Sequence>
<Condition>check_for_teammates</Condition>
<Selector>
<Action>take_cover</Action>
<Action>attack_enemy</Action>
</Selector>
</Sequence>
<Action>attack_enemy</Action>
</Selector>
</Sequence>
</BehaviorTree>",0.6865671641791046
"
<BehaviorTree>
<Sequence>
<Selector>
<Sequence>
<Action>complete_taskA</Action>
<Action>forward</Action>
</Sequence>
<Condition>detect_taskB</Condition>
</Selector>
<Action>complete_taskB</Action>
</Sequence>
</BehaviorTree>","<BehaviorTree>
<Sequence>
<Action>complete_taskA</Action>
<Selector>
<Action>forward</Action>
<Sequence>
<Condition>detect_taskB</Condition>
<Action>complete_taskB</Action>
</Sequence>
</Selector>
</Sequence>
</BehaviorTree>",0.8695652173913043
